,CD,Biden,Trump,Total,Percentage_for_Biden,Voting_Age_Population,Voting_Rate
0,de_1,296268.0,200603.0,504010.0,58.78216702049562,720867.0,69.91719693091791
