,CD,Biden,Trump,Total,Percentage_for_Biden,Voting_Age_Population,Voting_Rate
0,mt_1,244786.0,343602.0,603640.0,40.55165330329336,823668,73.28680973401904
