,CD,Biden,Trump,Total,Percentage_for_Biden,Voting_Age_Population,Voting_Rate
0,nd_1,114902.0,235595.0,359890.0,31.926977687626774,567351.0,63.43339484728149
