,CD,Biden,Trump,Total,Percentage_for_Biden,Voting_Age_Population,Voting_Rate
0,sd_1,150471.0,261043.0,422609.0,35.60525213613529,647089.0,65.30925421387165
