,CD,Biden,Trump,Total,Percentage_for_Biden,Voting_Age_Population,Voting_Rate
0,vt_1,242820.0,112704.0,365486.0,66.43756532397957,500274.0,73.05716467375878
