,CD,Biden,Trump,Total,Percentage_for_Biden,Voting_Age_Population,Voting_Rate
0,wy_1,73491.0,193559.0,275026.0,26.721473606131784,433644.0,63.422069716172714
